{"stats":{"minecraft:custom":{"minecraft:time_since_rest":15145,"minecraft:interact_with_furnace":6,"minecraft:sprint_one_cm":58358,"minecraft:damage_taken":314,"minecraft:walk_one_cm":57774,"minecraft:mob_kills":1,"minecraft:drop":13,"minecraft:damage_dealt":277,"minecraft:swim_one_cm":13,"minecraft:interact_with_crafting_table":11,"minecraft:fly_one_cm":59049,"minecraft:player_kills":1,"minecraft:open_chest":1,"minecraft:crouch_one_cm":6542,"minecraft:play_time":29783,"minecraft:deaths":1,"minecraft:sneak_time":960,"minecraft:walk_under_water_one_cm":627,"minecraft:boat_one_cm":33962,"minecraft:jump":340,"minecraft:walk_on_water_one_cm":1646,"minecraft:leave_game":4,"minecraft:time_since_death":17544,"minecraft:total_world_time":29783,"minecraft:fall_one_cm":5724},"minecraft:killed_by":{"minecraft:creeper":1},"minecraft:killed":{"minecraft:pig":1,"minecraft:llama":1},"minecraft:crafted":{"minecraft:crafting_table":3,"minecraft:spruce_planks":48,"minecraft:stick":16,"minecraft:wooden_pickaxe":1,"minecraft:stone_pickaxe":2,"minecraft:wooden_axe":1,"minecraft:stone_sword":1,"minecraft:spruce_door":3,"minecraft:furnace":2,"minecraft:spruce_boat":1,"minecraft:torch":16,"minecraft:stone_axe":3},"minecraft:mined":{"minecraft:large_fern":1,"minecraft:spruce_planks":17,"minecraft:brown_mushroom":1,"minecraft:mossy_stone_brick_slab":1,"minecraft:stone_brick_slab":1,"minecraft:spruce_log":97,"minecraft:crafting_table":2,"minecraft:grass":1,"minecraft:coal_ore":22,"minecraft:cobblestone":1,"minecraft:spruce_leaves":26,"minecraft:stone":47,"minecraft:sugar_cane":3,"minecraft:fern":7},"minecraft:used":{"minecraft:spruce_boat":1,"minecraft:wooden_axe":23,"minecraft:spruce_door":2,"minecraft:stone_pickaxe":69,"minecraft:spruce_planks":19,"minecraft:wooden_pickaxe":3,"minecraft:spruce_sapling":4,"minecraft:stone_axe":114,"minecraft:torch":9,"minecraft:cobblestone":14,"minecraft:sweet_berries":10,"minecraft:crafting_table":4,"minecraft:furnace":2,"minecraft:spruce_log":2,"minecraft:golden_pickaxe":2},"minecraft:dropped":{"minecraft:sweet_berries":10,"minecraft:wooden_axe":1,"minecraft:stone_pickaxe":1,"minecraft:wooden_pickaxe":1},"minecraft:picked_up":{"minecraft:stick":2,"minecraft:crafting_table":2,"minecraft:sweet_berries":29,"minecraft:porkchop":2,"minecraft:spruce_sapling":4,"minecraft:spruce_log":94,"minecraft:stone_axe":1,"minecraft:wheat_seeds":1,"minecraft:spruce_planks":18,"minecraft:sugar_cane":10,"minecraft:coal":22,"minecraft:cobblestone":56}},"DataVersion":3120}