{"stats":{"minecraft:custom":{"minecraft:time_since_rest":1,"minecraft:interact_with_furnace":2,"minecraft:sprint_one_cm":16980,"minecraft:damage_taken":274,"minecraft:walk_one_cm":32682,"minecraft:drop":3,"minecraft:damage_dealt":177,"minecraft:interact_with_crafting_table":9,"minecraft:fly_one_cm":9508,"minecraft:player_kills":1,"minecraft:crouch_one_cm":1318,"minecraft:play_time":13258,"minecraft:deaths":1,"minecraft:sneak_time":282,"minecraft:jump":109,"minecraft:leave_game":2,"minecraft:time_since_death":1019,"minecraft:total_world_time":13258,"minecraft:fall_one_cm":2258},"minecraft:killed_by":{"minecraft:creeper":1},"minecraft:killed":{"minecraft:llama":1},"minecraft:crafted":{"minecraft:crafting_table":2,"minecraft:spruce_planks":28,"minecraft:stick":16,"minecraft:wooden_pickaxe":1,"minecraft:stone_pickaxe":2,"minecraft:wooden_axe":1,"minecraft:stone_sword":1,"minecraft:spruce_door":3,"minecraft:furnace":2,"minecraft:torch":16,"minecraft:stone_axe":1},"minecraft:mined":{"minecraft:brown_mushroom":1,"minecraft:spruce_log":20,"minecraft:crafting_table":1,"minecraft:grass":1,"minecraft:coal_ore":22,"minecraft:cobblestone":1,"minecraft:spruce_leaves":7,"minecraft:stone":47,"minecraft:fern":7},"minecraft:used":{"minecraft:wooden_axe":23,"minecraft:spruce_door":2,"minecraft:stone_pickaxe":67,"minecraft:wooden_pickaxe":3,"minecraft:torch":9,"minecraft:cobblestone":14,"minecraft:crafting_table":3,"minecraft:furnace":2},"minecraft:dropped":{"minecraft:wooden_axe":1,"minecraft:stone_pickaxe":1,"minecraft:wooden_pickaxe":1},"minecraft:picked_up":{"minecraft:crafting_table":1,"minecraft:spruce_sapling":2,"minecraft:spruce_log":19,"minecraft:wheat_seeds":1,"minecraft:coal":22,"minecraft:cobblestone":56}},"DataVersion":3120}