{"stats":{"minecraft:custom":{"minecraft:time_since_rest":3145,"minecraft:interact_with_furnace":2,"minecraft:sprint_one_cm":30817,"minecraft:damage_taken":274,"minecraft:walk_one_cm":38695,"minecraft:drop":3,"minecraft:damage_dealt":177,"minecraft:interact_with_crafting_table":10,"minecraft:fly_one_cm":20422,"minecraft:player_kills":1,"minecraft:crouch_one_cm":1364,"minecraft:play_time":17783,"minecraft:deaths":1,"minecraft:sneak_time":292,"minecraft:jump":164,"minecraft:leave_game":4,"minecraft:time_since_death":5544,"minecraft:total_world_time":17783,"minecraft:fall_one_cm":3512},"minecraft:killed_by":{"minecraft:creeper":1},"minecraft:killed":{"minecraft:llama":1},"minecraft:crafted":{"minecraft:crafting_table":2,"minecraft:spruce_planks":28,"minecraft:stick":16,"minecraft:wooden_pickaxe":1,"minecraft:stone_pickaxe":2,"minecraft:wooden_axe":1,"minecraft:stone_sword":1,"minecraft:spruce_door":3,"minecraft:furnace":2,"minecraft:torch":16,"minecraft:stone_axe":2},"minecraft:mined":{"minecraft:brown_mushroom":1,"minecraft:spruce_log":67,"minecraft:crafting_table":1,"minecraft:grass":1,"minecraft:coal_ore":22,"minecraft:cobblestone":1,"minecraft:spruce_leaves":22,"minecraft:stone":47,"minecraft:fern":7},"minecraft:used":{"minecraft:wooden_axe":23,"minecraft:spruce_door":2,"minecraft:stone_pickaxe":67,"minecraft:wooden_pickaxe":3,"minecraft:spruce_sapling":4,"minecraft:stone_axe":60,"minecraft:torch":9,"minecraft:cobblestone":14,"minecraft:crafting_table":3,"minecraft:furnace":2,"minecraft:spruce_log":1},"minecraft:dropped":{"minecraft:wooden_axe":1,"minecraft:stone_pickaxe":1,"minecraft:wooden_pickaxe":1},"minecraft:picked_up":{"minecraft:stick":2,"minecraft:crafting_table":1,"minecraft:spruce_sapling":4,"minecraft:spruce_log":65,"minecraft:wheat_seeds":1,"minecraft:coal":22,"minecraft:cobblestone":56}},"DataVersion":3120}