{"stats":{"minecraft:custom":{"minecraft:time_since_rest":4237,"minecraft:sprint_one_cm":12422,"minecraft:damage_taken":250,"minecraft:walk_one_cm":50417,"minecraft:mob_kills":1,"minecraft:damage_dealt":302,"minecraft:interact_with_crafting_table":2,"minecraft:fly_one_cm":7622,"minecraft:player_kills":1,"minecraft:crouch_one_cm":940,"minecraft:play_time":17783,"minecraft:deaths":1,"minecraft:sneak_time":728,"minecraft:walk_under_water_one_cm":732,"minecraft:jump":175,"minecraft:walk_on_water_one_cm":1430,"minecraft:leave_game":2,"minecraft:time_since_death":4556,"minecraft:total_world_time":17783,"minecraft:fall_one_cm":1163},"minecraft:killed_by":{"corpse_stalker:corpse_stalker":1},"minecraft:killed":{"minecraft:pig":1},"minecraft:crafted":{"minecraft:spruce_planks":172,"minecraft:stick":8,"minecraft:stone_sword":1,"minecraft:stone_axe":1},"minecraft:mined":{"minecraft:spruce_log":46,"minecraft:grass":1,"minecraft:cobblestone":13,"minecraft:stone":33,"minecraft:wall_torch":1,"minecraft:fern":1},"minecraft:used":{"minecraft:wooden_axe":12,"minecraft:stone_sword":6,"minecraft:stone_pickaxe":43,"minecraft:wooden_pickaxe":4,"minecraft:spruce_sapling":1,"minecraft:stone_axe":35,"minecraft:torch":1,"minecraft:cobblestone":20,"minecraft:spruce_log":3},"minecraft:picked_up":{"minecraft:wooden_axe":1,"minecraft:torch":1,"minecraft:wooden_pickaxe":1,"minecraft:porkchop":2,"minecraft:spruce_sapling":1,"minecraft:spruce_log":46,"minecraft:wheat_seeds":1,"minecraft:stone_pickaxe":1,"minecraft:cobblestone":51}},"DataVersion":3120}