{"stats":{"minecraft:custom":{"minecraft:time_since_rest":14211,"minecraft:sprint_one_cm":29425,"minecraft:damage_taken":280,"minecraft:walk_one_cm":74997,"minecraft:mob_kills":5,"minecraft:drop":1,"minecraft:damage_dealt":622,"minecraft:interact_with_crafting_table":2,"minecraft:fly_one_cm":20418,"minecraft:player_kills":1,"minecraft:crouch_one_cm":15860,"minecraft:play_time":27757,"minecraft:deaths":1,"minecraft:sneak_time":5052,"minecraft:walk_under_water_one_cm":873,"minecraft:jump":297,"minecraft:walk_on_water_one_cm":3224,"minecraft:leave_game":2,"minecraft:time_since_death":14530,"minecraft:total_world_time":27757,"minecraft:fall_one_cm":2057},"minecraft:killed_by":{"corpse_stalker:corpse_stalker":1},"minecraft:killed":{"minecraft:sheep":4,"minecraft:pig":1},"minecraft:crafted":{"minecraft:spruce_planks":172,"minecraft:stick":8,"minecraft:stone_sword":1,"minecraft:stone_axe":1},"minecraft:mined":{"minecraft:sweet_berry_bush":1,"minecraft:spruce_log":46,"minecraft:grass":1,"minecraft:cobblestone":13,"minecraft:stone":33,"minecraft:wall_torch":1,"minecraft:fern":1},"minecraft:used":{"minecraft:wooden_axe":12,"minecraft:stone_sword":6,"minecraft:stone_pickaxe":44,"minecraft:spruce_planks":17,"minecraft:wooden_pickaxe":4,"minecraft:spruce_sapling":1,"minecraft:stone_axe":39,"minecraft:torch":1,"minecraft:cobblestone":20,"minecraft:sweet_berries":7,"minecraft:spruce_log":3},"minecraft:dropped":{"minecraft:wooden_axe":1},"minecraft:picked_up":{"minecraft:wooden_axe":1,"minecraft:stick":3,"minecraft:sweet_berries":7,"minecraft:torch":1,"minecraft:wooden_pickaxe":1,"minecraft:porkchop":2,"minecraft:spruce_sapling":2,"minecraft:spruce_log":46,"minecraft:wheat_seeds":1,"minecraft:spruce_planks":1,"minecraft:stone_pickaxe":1,"minecraft:black_wool":1,"minecraft:mutton":6,"minecraft:white_wool":3,"minecraft:cobblestone":55}},"DataVersion":3120}