{"stats":{"minecraft:custom":{"minecraft:jump":23,"minecraft:time_since_rest":5263,"minecraft:walk_on_water_one_cm":569,"minecraft:play_time":5263,"minecraft:damage_taken":10,"minecraft:time_since_death":5263,"minecraft:walk_one_cm":8862,"minecraft:sneak_time":16,"minecraft:total_world_time":5263,"minecraft:walk_under_water_one_cm":625,"minecraft:fly_one_cm":28},"minecraft:mined":{"minecraft:stone":25,"minecraft:wall_torch":1},"minecraft:used":{"minecraft:stone_pickaxe":22,"minecraft:torch":1,"minecraft:wooden_pickaxe":4,"minecraft:cobblestone":9},"minecraft:picked_up":{"minecraft:stone_pickaxe":1,"minecraft:torch":1,"minecraft:wooden_pickaxe":1,"minecraft:cobblestone":32,"minecraft:wooden_axe":1}},"DataVersion":3120}