{"stats":{"minecraft:custom":{"minecraft:time_since_rest":593,"minecraft:interact_with_furnace":4,"minecraft:sprint_one_cm":3311,"minecraft:damage_taken":548,"minecraft:walk_one_cm":49561,"minecraft:mob_kills":3,"minecraft:drop":2,"minecraft:damage_dealt":764,"minecraft:interact_with_crafting_table":4,"minecraft:swim_one_cm":11153,"minecraft:fly_one_cm":4739,"minecraft:crouch_one_cm":20524,"minecraft:play_time":19929,"tombstone:undead_killed":1,"minecraft:deaths":2,"minecraft:sneak_time":7304,"minecraft:walk_under_water_one_cm":570,"minecraft:jump":243,"minecraft:time_since_death":779,"minecraft:leave_game":1,"minecraft:walk_on_water_one_cm":622,"minecraft:total_world_time":19929,"minecraft:fall_one_cm":3013},"minecraft:killed_by":{"minecraft:player":2},"minecraft:killed":{"minecraft:zombie":1,"minecraft:spider":1},"minecraft:crafted":{"minecraft:crafting_table":1,"minecraft:spruce_planks":32,"minecraft:stick":8,"minecraft:wooden_pickaxe":1,"minecraft:stone_pickaxe":2,"minecraft:furnace":1,"minecraft:torch":8,"minecraft:stone_axe":1},"minecraft:mined":{"minecraft:spruce_planks":2,"minecraft:brown_mushroom":1,"minecraft:spruce_log":93,"minecraft:torch":2,"minecraft:grass":7,"minecraft:grass_block":1,"minecraft:coal_ore":1,"minecraft:cobblestone":39,"minecraft:spruce_leaves":46,"minecraft:stone":88,"minecraft:fern":6},"minecraft:used":{"minecraft:stone_pickaxe":122,"minecraft:spruce_planks":21,"minecraft:wooden_pickaxe":6,"minecraft:rotten_flesh":1,"minecraft:torch":6,"minecraft:stone_axe":114,"minecraft:dirt":1,"minecraft:cobblestone":57,"minecraft:crafting_table":1,"minecraft:furnace":1,"tombstone:gift":2},"minecraft:dropped":{"tombstone:grave_key":2},"minecraft:picked_up":{"minecraft:stick":6,"minecraft:leather":2,"minecraft:torch":2,"tombstone:grave_key":1,"minecraft:spruce_sapling":7,"minecraft:spruce_log":94,"minecraft:string":1,"minecraft:dirt":1,"minecraft:rotten_flesh":1,"minecraft:wheat_seeds":1,"minecraft:spruce_planks":2,"minecraft:coal":1,"minecraft:cobblestone":113}},"DataVersion":3120}