{"stats":{"minecraft:custom":{"minecraft:time_since_rest":12593,"minecraft:interact_with_furnace":4,"minecraft:sprint_one_cm":4558,"minecraft:damage_taken":568,"minecraft:walk_one_cm":62953,"minecraft:mob_kills":3,"minecraft:drop":5,"minecraft:damage_dealt":774,"minecraft:interact_with_crafting_table":5,"minecraft:swim_one_cm":11153,"minecraft:fly_one_cm":5730,"minecraft:crouch_one_cm":54140,"minecraft:play_time":31929,"tombstone:undead_killed":1,"minecraft:deaths":2,"minecraft:sneak_time":15176,"minecraft:walk_under_water_one_cm":570,"minecraft:jump":336,"minecraft:time_since_death":12779,"minecraft:leave_game":1,"minecraft:walk_on_water_one_cm":4057,"minecraft:total_world_time":31929,"minecraft:fall_one_cm":3953},"minecraft:killed_by":{"minecraft:player":2},"minecraft:killed":{"minecraft:zombie":1,"minecraft:spider":1},"minecraft:crafted":{"minecraft:crafting_table":1,"minecraft:spruce_planks":120,"minecraft:stick":8,"minecraft:wooden_pickaxe":1,"minecraft:stone_pickaxe":3,"minecraft:furnace":1,"minecraft:torch":8,"minecraft:stone_axe":2},"minecraft:mined":{"minecraft:spruce_planks":9,"minecraft:brown_mushroom":1,"minecraft:iron_ore":2,"minecraft:spruce_log":93,"minecraft:torch":2,"minecraft:grass":7,"minecraft:grass_block":1,"minecraft:coal_ore":1,"minecraft:cobblestone":47,"minecraft:spruce_leaves":46,"minecraft:stone":240,"minecraft:fern":6},"minecraft:used":{"minecraft:stone_pickaxe":262,"minecraft:spruce_planks":44,"minecraft:wooden_pickaxe":28,"minecraft:rotten_flesh":1,"minecraft:torch":8,"minecraft:stone_axe":121,"minecraft:dirt":1,"minecraft:cobblestone":112,"minecraft:crafting_table":1,"minecraft:furnace":1,"tombstone:gift":2},"minecraft:broken":{"minecraft:stone_pickaxe":2},"minecraft:dropped":{"minecraft:stone_axe":2,"tombstone:grave_key":2,"tombstone:grave_dust":1},"minecraft:picked_up":{"minecraft:stick":6,"minecraft:raw_iron":2,"minecraft:sweet_berries":7,"minecraft:leather":2,"minecraft:torch":3,"tombstone:grave_key":1,"minecraft:spruce_sapling":7,"minecraft:spruce_log":94,"minecraft:string":1,"minecraft:dirt":1,"minecraft:rotten_flesh":1,"minecraft:stone_axe":1,"minecraft:wheat_seeds":1,"minecraft:spruce_planks":4,"minecraft:coal":1,"minecraft:cobblestone":270}},"DataVersion":3120}