{"stats":{"minecraft:custom":{"minecraft:time_since_rest":3941,"minecraft:crouch_one_cm":8206,"minecraft:sprint_one_cm":1463,"minecraft:play_time":7929,"minecraft:deaths":1,"minecraft:damage_taken":253,"minecraft:walk_one_cm":24553,"minecraft:sneak_time":2022,"minecraft:walk_under_water_one_cm":570,"minecraft:mob_kills":1,"minecraft:drop":2,"minecraft:jump":94,"minecraft:damage_dealt":374,"minecraft:leave_game":1,"minecraft:walk_on_water_one_cm":622,"minecraft:time_since_death":5326,"minecraft:total_world_time":7929,"minecraft:swim_one_cm":11153,"minecraft:interact_with_crafting_table":2,"minecraft:fall_one_cm":2208,"minecraft:fly_one_cm":3276},"minecraft:killed_by":{"minecraft:player":1},"minecraft:crafted":{"minecraft:stone_axe":1,"minecraft:spruce_planks":32,"minecraft:stick":8,"minecraft:wooden_pickaxe":1,"minecraft:stone_pickaxe":1},"minecraft:mined":{"minecraft:grass":6,"minecraft:coal_ore":1,"minecraft:brown_mushroom":1,"minecraft:cobblestone":1,"minecraft:spruce_log":8,"minecraft:spruce_leaves":4,"minecraft:stone":46,"minecraft:fern":6},"minecraft:used":{"minecraft:cobblestone":15,"minecraft:stone_pickaxe":42,"tombstone:gift":2,"minecraft:wooden_pickaxe":6},"minecraft:dropped":{"tombstone:grave_key":2},"minecraft:picked_up":{"minecraft:leather":2,"minecraft:wheat_seeds":1,"tombstone:grave_key":1,"minecraft:spruce_log":8,"minecraft:coal":1,"minecraft:cobblestone":40}},"DataVersion":3120}